https://www.jmbullion.com/1-10-chinese-gold-panda-varied-un/,gold,0.1
https://www.jmbullion.com/1-10-oz-austrian-gold-philharmonic-vy/,gold,0.1
https://www.jmbullion.com/1-10-oz-canadian-gold-maple-leaf-vy/,gold,0.1
https://www.jmbullion.com/1-4-oz-american-gold-eagle/,gold,0.25
https://www.jmbullion.com/1-4-oz-canadian-gold-maple-leaf-varied/,gold,0.25
https://www.jmbullion.com/1-oz-american-gold-eagle/,gold,1.0
https://www.jmbullion.com/1-oz-australian-silver-kangaroo-coin-vyc/,silver,1.0
https://www.jmbullion.com/1-oz-australian-silver-kookaburra-coin-ry/,silver,1.0
https://www.jmbullion.com/1-oz-british-silver-britannia-coin-vy/,silver,1.0
https://www.jmbullion.com/1-oz-pamp-suisse-veriscan-gold-bar/,gold,1.0
https://www.jmbullion.com/1-oz-perth-mint-gold-bar-classic-assay/,gold,1.0
https://www.jmbullion.com/10-oz-sunshine-silver-bar/,silver,0.1
https://www.jmbullion.com/30-gram-chinese-silver-panda-coin-ry/,silver,1.06
https://www.jmbullion.com/american-silver-eagle-varied-year/,silver,1.0
https://www.jmbullion.com/austrian-silver-philharmonic-coin-vy/,silver,1.0
https://www.jmbullion.com/canadian-silver-maple-leaf-varied-year/,silver,1.0
https://www.jmbullion.com/mexican-silver-libertad/,silver,1.0
